gvkey,datadate,fyear,indfmt,consol,popsrc,datafmt,sic,at,lt,lct,act,che,invt,rect,sale,cogs,oiadp,ni,ib,year,current_ratio,quick_ratio,debt_ratio,roe,gross_margin,net_margin,inventory_turnover,receivables_turnover
001690,1980-09-30,1980,INDL,C,D,STD,3663,65.35,39.401,37.78,54.106,2.474,34.191,17.441,117.126,65.952,23.586,11.698,11.698,1980,1.4321334039174167,0.5271307570142932,0.6029227237949504,0.4508073528845044,0.4369140925157523,0.09987534791591961,1.9289286654382731,6.71555530072817
001690,1980-09-30,1980,INDL,C,D,STD,3663,65.35,39.401,37.78,54.106,2.474,34.191,17.441,117.126,65.952,23.586,11.698,11.698,1980,1.4321334039174167,0.5271307570142932,0.6029227237949504,0.4508073528845044,0.4369140925157523,0.09987534791591961,1.9289286654382731,6.71555530072817
001690,1981-09-30,1981,INDL,C,D,STD,3663,254.838,77.451,70.28,227.104,72.834,103.873,42.33,334.783,171.771,66.143,39.42,39.42,1981,3.2314171883893,1.7534291405805351,0.3039224919360535,0.22222598048334996,0.48691839191356795,0.11774791432061962,1.6536636084449277,7.908882589180251
001690,1981-09-30,1981,INDL,C,D,STD,3663,254.838,77.451,70.28,227.104,72.834,103.873,42.33,334.783,171.771,66.143,39.42,39.42,1981,3.2314171883893,1.7534291405805351,0.3039224919360535,0.22222598048334996,0.48691839191356795,0.11774791432061962,1.6536636084449277,7.908882589180251
001690,1982-09-30,1982,INDL,C,D,STD,3663,357.787,100.695,85.756,317.075,153.056,81.229,71.478,583.061,271.445,102.209,61.306,61.306,1982,3.6974089276552076,2.7501982368580626,0.2814383977058976,0.23845938418931745,0.5344483681810308,0.10514508773524553,3.341725245909712,8.157209211225833
001690,1982-09-30,1982,INDL,C,D,STD,3663,357.787,100.695,85.756,317.075,153.056,81.229,71.478,583.061,271.445,102.209,61.306,61.306,1982,3.6974089276552076,2.7501982368580626,0.2814383977058976,0.23845938418931745,0.5344483681810308,0.10514508773524553,3.341725245909712,8.157209211225833
001690,1983-09-30,1983,INDL,C,D,STD,3663,556.579,178.678,128.786,468.993,143.284,142.457,136.42,982.769,483.325,129.639,76.714,76.714,1983,3.6416458310685944,2.535492988368301,0.32102900037550824,0.2030002566809826,0.5082008081247984,0.07805903523615416,3.3927781716588163,7.203995015393638
001690,1983-09-30,1983,INDL,C,D,STD,3663,556.579,178.678,128.786,468.993,143.284,142.457,136.42,982.769,483.325,129.639,76.714,76.714,1983,3.6416458310685944,2.535492988368301,0.32102900037550824,0.2030002566809826,0.5082008081247984,0.07805903523615416,3.3927781716588163,7.203995015393638
001690,1984-09-30,1984,INDL,C,D,STD,3663,788.786,324.221,255.184,687.551,114.888,264.619,258.238,1515.876,840.623,91.448,64.055,64.055,1984,2.694334284281146,1.657360963069785,0.4110379748119262,0.13788167425441006,0.4454539817240988,0.04225609482569815,3.1767295621251685,5.870073343195037
001690,1984-09-30,1984,INDL,C,D,STD,3663,788.786,324.221,255.184,687.551,114.888,264.619,258.238,1515.876,840.623,91.448,64.055,64.055,1984,2.694334284281146,1.657360963069785,0.4110379748119262,0.13788167425441006,0.4454539817240988,0.04225609482569815,3.1767295621251685,5.870073343195037
001690,1985-09-30,1985,INDL,C,D,STD,3663,936.177,385.69,295.425,822.065,337.013,166.951,220.157,1918.28,1076.023,147.225,61.223,61.223,1985,2.7826521113649827,2.2175306761445377,0.4119840585701208,0.11121606868100425,0.4390688533477908,0.03191557019830265,6.445142586747009,8.713236463069537
001690,1985-09-30,1985,INDL,C,D,STD,3663,936.177,385.69,295.425,822.065,337.013,166.951,220.157,1918.28,1076.023,147.225,61.223,61.223,1985,2.7826521113649827,2.2175306761445377,0.4119840585701208,0.11121606868100425,0.4390688533477908,0.03191557019830265,6.445142586747009,8.713236463069537
001690,1986-09-30,1986,INDL,C,D,STD,3663,1160.128,466.041,328.535,1040.934,576.215,108.68,263.126,1901.897,840.037,273.53,153.963,153.963,1986,3.1684112803810853,2.837609387127703,0.4017151555690407,0.2218208956514097,0.5583162495129862,0.08095233338082977,7.729453441295546,7.228084643858836
001690,1986-09-30,1986,INDL,C,D,STD,3663,1160.128,466.041,328.535,1040.934,576.215,108.68,263.126,1901.897,840.037,273.53,153.963,153.963,1986,3.1684112803810853,2.837609387127703,0.4017151555690407,0.2218208956514097,0.5583162495129862,0.08095233338082977,7.729453441295546,7.228084643858836
001690,1987-09-30,1987,INDL,C,D,STD,3663,1477.931,641.443,478.678,1307.425,565.094,225.753,405.637,2661.068,1225.704,371.438,217.496,217.496,1987,2.731324606520458,2.2597069428718264,0.4340141725154963,0.260010902726638,0.5393939576140107,0.08173259758863734,5.429402931522505,6.560220098265198
001690,1987-09-30,1987,INDL,C,D,STD,3663,1477.931,641.443,478.678,1307.425,565.094,225.753,405.637,2661.068,1225.704,371.438,217.496,217.496,1987,2.731324606520458,2.2597069428718264,0.4340141725154963,0.260010902726638,0.5393939576140107,0.08173259758863734,5.429402931522505,6.560220098265198
001690,1988-09-30,1988,INDL,C,D,STD,3663,2082.086,1078.661,827.093,1782.994,545.717,461.47,638.816,4071.373,1913.202,620.338,400.258,400.258,1988,2.1557358120549925,1.5977937184814766,0.5180674573480635,0.3988917956000699,0.5300843229053197,0.09831032430582999,4.145885973086007,6.373310937734809
001690,1988-09-30,1988,INDL,C,D,STD,3663,2082.086,1078.661,827.093,1782.994,545.717,461.47,638.816,4071.373,1913.202,620.338,400.258,400.258,1988,2.1557358120549925,1.5977937184814766,0.5180674573480635,0.3988917956000699,0.5300843229053197,0.09831032430582999,4.145885973086007,6.373310937734809
001690,1989-09-30,1989,INDL,C,D,STD,3663,2743.899,1258.153,895.243,2294.428,808.95,475.377,792.824,5284.013,2570.023,634.313,454.033,454.033,1989,2.5629108521373523,2.031907537953382,0.4585274457988432,0.3055926113884877,0.513622884727952,0.08592579162844603,5.406283854709,6.664799501528713
001690,1989-09-30,1989,INDL,C,D,STD,3663,2743.899,1258.153,895.243,2294.428,808.95,475.377,792.824,5284.013,2570.023,634.313,454.033,454.033,1989,2.5629108521373523,2.031907537953382,0.4585274457988432,0.3055926113884877,0.513622884727952,0.08592579162844603,5.406283854709,6.664799501528713
001690,1990-09-30,1990,INDL,C,D,STD,3663,2975.707,1528.887,1027.055,2403.326,997.091,355.473,761.868,5558.435,2403.537,745.685,474.895,474.895,1990,2.340016844278057,1.9939078238263772,0.5137894960760586,0.32823364343871386,0.5675874594197828,0.08543681809718022,6.761517752403135,7.295797959751558
001690,1990-09-30,1990,INDL,C,D,STD,3663,2975.707,1528.887,1027.055,2403.326,997.091,355.473,761.868,5558.435,2403.537,745.685,474.895,474.895,1990,2.340016844278057,1.9939078238263772,0.5137894960760586,0.32823364343871386,0.5675874594197828,0.08543681809718022,6.761517752403135,7.295797959751558
001690,1991-09-30,1991,INDL,C,D,STD,3663,3493.597,1726.921,1217.051,2863.61,892.719,671.655,907.159,6308.849,3109.685,671.392,309.841,309.841,1991,2.3529087934688033,1.8010379187067758,0.4943103053958427,0.17538077157328225,0.5070915471269006,0.04911212806012634,4.629884390051441,6.9545129354391015
001690,1991-09-30,1991,INDL,C,D,STD,3663,3493.597,1726.921,1217.051,2863.61,892.719,671.655,907.159,6308.849,3109.685,671.392,309.841,309.841,1991,2.3529087934688033,1.8010379187067758,0.4943103053958427,0.17538077157328225,0.5070915471269006,0.04911212806012634,4.629884390051441,6.9545129354391015
001690,1992-09-30,1992,INDL,C,D,STD,3663,4223.693,2036.323,1425.52,3558.394,1435.5,580.097,1087.185,7086.542,3774.155,805.808,530.373,530.373,1992,2.496207699646445,2.089270581963073,0.4821190839391026,0.24247063825507348,0.4674193704066102,0.07484228556043272,6.506075708028141,6.518248504164426
001690,1992-09-30,1992,INDL,C,D,STD,3663,4223.693,2036.323,1425.52,3558.394,1435.5,580.097,1087.185,7086.542,3774.155,805.808,530.373,530.373,1992,2.496207699646445,2.089270581963073,0.4821190839391026,0.24247063825507348,0.4674193704066102,0.07484228556043272,6.506075708028141,6.518248504164426
001690,1993-09-30,1993,INDL,C,D,STD,3663,5171.412,3145.034,2515.202,4338.355,892.303,1506.638,1381.946,7976.954,5082.721,431.194,86.589,86.589,1993,1.7248535107716991,1.1258407873403407,0.6081576946489663,0.04273092187143761,0.36282433119208163,0.010854895239461078,3.373551576423799,5.772261723685296
001690,1993-09-30,1993,INDL,C,D,STD,3663,5171.412,3145.034,2515.202,4338.355,892.303,1506.638,1381.946,7976.954,5082.721,431.194,86.589,86.589,1993,1.7248535107716991,1.1258407873403407,0.6081576946489663,0.04273092187143761,0.36282433119208163,0.010854895239461078,3.373551576423799,5.772261723685296
001690,1994-09-30,1994,INDL,C,D,STD,3663,5302.746,2919.445,1944.305,4476.452,1257.856,1088.434,1581.347,9188.748,6676.957,395.419,310.178,310.178,1994,2.3023404249847634,1.7425342217399018,0.5505534302416144,0.13014638100684722,0.2733550860247772,0.03375628540471455,6.134461988508261,5.810709477426523
001690,1994-09-30,1994,INDL,C,D,STD,3663,5302.746,2919.445,1944.305,4476.452,1257.856,1088.434,1581.347,9188.748,6676.957,395.419,310.178,310.178,1994,2.3023404249847634,1.7425342217399018,0.5505534302416144,0.13014638100684722,0.2733550860247772,0.03375628540471455,6.134461988508261,5.810709477426523
001690,1995-09-30,1995,INDL,C,D,STD,3663,6231.0,3330.0,2325.0,5224.0,952.0,1775.0,1931.0,11062.0,8077.0,661.0,424.0,424.0,1995,2.2468817204301077,1.4834408602150537,0.5344246509388542,0.14615649775939332,0.26984270475501715,0.03832941601880311,4.5504225352112675,5.728638011393061
001690,1995-09-30,1995,INDL,C,D,STD,3663,6231.0,3330.0,2325.0,5224.0,952.0,1775.0,1931.0,11062.0,8077.0,661.0,424.0,424.0,1995,2.2468817204301077,1.4834408602150537,0.5344246509388542,0.14615649775939332,0.26984270475501715,0.03832941601880311,4.5504225352112675,5.728638011393061
001690,1996-09-30,1996,INDL,C,D,STD,3663,5364.0,3306.0,2003.0,4515.0,1745.0,662.0,1496.0,9833.0,8709.0,-1204.0,-816.0,-816.0,1996,2.254118821767349,1.923614578132801,0.616331096196868,-0.3965014577259475,0.11430895962575002,-0.08298586392759076,13.15558912386707,6.572860962566845
001690,1996-09-30,1996,INDL,C,D,STD,3663,5364.0,3306.0,2003.0,4515.0,1745.0,662.0,1496.0,9833.0,8709.0,-1204.0,-816.0,-816.0,1996,2.254118821767349,1.923614578132801,0.616331096196868,-0.3965014577259475,0.11430895962575002,-0.08298586392759076,13.15558912386707,6.572860962566845
001690,1997-09-30,1997,INDL,C,D,STD,3663,4233.0,3033.0,1818.0,3424.0,1459.0,437.0,1035.0,7081.0,5595.0,-403.0,-1045.0,-1045.0,1997,1.8833883388338835,1.643014301430143,0.7165131112686038,-0.8708333333333333,0.209857364778986,-0.14757802570258438,12.803203661327231,6.841545893719807
001690,1997-09-30,1997,INDL,C,D,STD,3663,4233.0,3033.0,1818.0,3424.0,1459.0,437.0,1035.0,7081.0,5595.0,-403.0,-1045.0,-1045.0,1997,1.8833883388338835,1.643014301430143,0.7165131112686038,-0.8708333333333333,0.209857364778986,-0.14757802570258438,12.803203661327231,6.841545893719807
001690,1998-09-30,1998,INDL,C,D,STD,3663,4289.0,2647.0,1520.0,3698.0,2300.0,78.0,955.0,5941.0,4351.0,268.0,309.0,309.0,1998,2.432894736842105,2.3815789473684212,0.617160177197482,0.1881851400730816,0.26763171183302475,0.05201144588453122,55.782051282051285,6.220942408376963
001690,1998-09-30,1998,INDL,C,D,STD,3663,4289.0,2647.0,1520.0,3698.0,2300.0,78.0,955.0,5941.0,4351.0,268.0,309.0,309.0,1998,2.432894736842105,2.3815789473684212,0.617160177197482,0.1881851400730816,0.26763171183302475,0.05201144588453122,55.782051282051285,6.220942408376963
001690,1999-09-30,1999,INDL,C,D,STD,3663,5161.0,2057.0,1549.0,4285.0,3226.0,20.0,681.0,6134.0,4353.0,386.0,601.0,601.0,1999,2.7663008392511297,2.7533892834086506,0.39856616934702577,0.19362113402061856,0.2903488751222693,0.09797848059993479,217.65,9.00734214390602
001690,1999-09-30,1999,INDL,C,D,STD,3663,5161.0,2057.0,1549.0,4285.0,3226.0,20.0,681.0,6134.0,4353.0,386.0,601.0,601.0,1999,2.7663008392511297,2.7533892834086506,0.39856616934702577,0.19362113402061856,0.2903488751222693,0.09797848059993479,217.65,9.00734214390602
001690,2000-09-30,2000,INDL,C,D,STD,3663,6803.0,2696.0,1933.0,5427.0,4027.0,33.0,953.0,7983.0,5733.0,620.0,786.0,786.0,2000,2.8075530263838595,2.7904811174340405,0.39629575187417315,0.19138056975894813,0.2818489289740699,0.09845922585494175,173.72727272727272,8.376705141657922
001690,2000-09-30,2000,INDL,C,D,STD,3663,6803.0,2696.0,1933.0,5427.0,4027.0,33.0,953.0,7983.0,5733.0,620.0,786.0,786.0,2000,2.8075530263838595,2.7904811174340405,0.39629575187417315,0.19138056975894813,0.2818489289740699,0.09845922585494175,173.72727272727272,8.376705141657922
001690,2001-09-30,2001,INDL,C,D,STD,3663,6021.0,2101.0,1518.0,5143.0,4336.0,11.0,466.0,5363.0,4026.0,-333.0,-25.0,-37.0,2001,3.388010540184453,3.380764163372859,0.3489453579139678,-0.006377551020408163,0.24930076449748276,-0.004661570016781652,366.0,11.508583690987125
001690,2001-09-30,2001,INDL,C,D,STD,3663,6021.0,2101.0,1518.0,5143.0,4336.0,11.0,466.0,5363.0,4026.0,-333.0,-25.0,-37.0,2001,3.388010540184453,3.380764163372859,0.3489453579139678,-0.006377551020408163,0.24930076449748276,-0.004661570016781652,366.0,11.508583690987125
001690,2002-09-30,2002,INDL,C,D,STD,3663,6298.0,2203.0,1658.0,5388.0,4337.0,45.0,565.0,5742.0,4021.0,46.0,65.0,65.0,2002,3.249698431845597,3.2225572979493364,0.3497935852651635,0.015873015873015872,0.2997213514454894,0.011320097526994078,89.35555555555555,10.16283185840708
001690,2002-09-30,2002,INDL,C,D,STD,3663,6298.0,2203.0,1658.0,5388.0,4337.0,45.0,565.0,5742.0,4021.0,46.0,65.0,65.0,2002,3.249698431845597,3.2225572979493364,0.3497935852651635,0.015873015873015872,0.2997213514454894,0.011320097526994078,89.35555555555555,10.16283185840708
001690,2003-09-30,2003,INDL,C,D,STD,3663,6815.0,2592.0,2357.0,5887.0,4566.0,56.0,950.0,6207.0,4387.2,25.0,69.0,68.0,2003,2.4976665252439543,2.473907509546033,0.38033749082905355,0.01633909542978925,0.29318511358144034,0.011116481391976801,78.34285714285714,6.5336842105263155
001690,2003-09-30,2003,INDL,C,D,STD,3663,6815.0,2592.0,2357.0,5887.0,4566.0,56.0,950.0,6207.0,4387.2,25.0,69.0,68.0,2003,2.4976665252439543,2.473907509546033,0.38033749082905355,0.01633909542978925,0.29318511358144034,0.011116481391976801,78.34285714285714,6.5336842105263155
001690,2004-09-30,2004,INDL,C,D,STD,3663,8050.0,2974.0,2680.0,7055.0,5464.0,101.0,1050.0,8279.0,5870.5,349.0,276.0,276.0,2004,2.6324626865671643,2.5947761194029852,0.3694409937888199,0.054373522458628844,0.2909167773885735,0.03333735958449088,58.12376237623762,7.884761904761905
001690,2004-09-30,2004,INDL,C,D,STD,3663,8050.0,2974.0,2680.0,7055.0,5464.0,101.0,1050.0,8279.0,5870.5,349.0,276.0,276.0,2004,2.6324626865671643,2.5947761194029852,0.3694409937888199,0.054373522458628844,0.2909167773885735,0.03333735958449088,58.12376237623762,7.884761904761905
001690,2005-09-30,2005,INDL,C,D,STD,3663,11551.0,4085.0,3484.0,10300.0,8261.0,165.0,1312.0,13931.0,9722.3,1650.0,1335.0,1335.0,2005,2.9563719862227327,2.9090126291618827,0.35364903471560905,0.17881060809000804,0.3021104012633695,0.09582944512238892,58.9230303030303,10.618140243902438
001690,2005-09-30,2005,INDL,C,D,STD,3663,11551.0,4085.0,3484.0,10300.0,8261.0,165.0,1312.0,13931.0,9722.3,1650.0,1335.0,1335.0,2005,2.9563719862227327,2.9090126291618827,0.35364903471560905,0.17881060809000804,0.3021104012633695,0.09582944512238892,58.9230303030303,10.618140243902438
001690,2006-09-30,2006,INDL,C,D,STD,3663,17205.0,7221.0,6471.0,14509.0,10110.0,270.0,2845.0,19315.0,13507.2,2453.0,1989.0,1989.0,2006,2.2421573172616287,2.2004326997372896,0.41970357454228424,0.19921875,0.3006885840020709,0.1029769609112089,50.02666666666667,6.789103690685413
001690,2006-09-30,2006,INDL,C,D,STD,3663,17205.0,7221.0,6471.0,14509.0,10110.0,270.0,2845.0,19315.0,13507.2,2453.0,1989.0,1989.0,2006,2.2421573172616287,2.2004326997372896,0.41970357454228424,0.19921875,0.3006885840020709,0.1029769609112089,50.02666666666667,6.789103690685413
001690,2007-09-30,2007,INDL,C,D,STD,3663,25347.0,10815.0,9299.0,21956.0,15386.0,346.0,4029.0,24006.0,15555.0,4409.0,3496.0,3496.0,2007,2.361114098290139,2.323905796322185,0.4266777133388567,0.24057252958987063,0.35203699075231193,0.1456302591018912,44.956647398843934,5.958302308265078
001690,2007-09-30,2007,INDL,C,D,STD,3663,25347.0,10815.0,9299.0,21956.0,15386.0,346.0,4029.0,24006.0,15555.0,4409.0,3496.0,3496.0,2007,2.361114098290139,2.323905796322185,0.4266777133388567,0.24057252958987063,0.35203699075231193,0.1456302591018912,44.956647398843934,5.958302308265078
001690,2008-09-30,2008,INDL,C,D,STD,3663,39572.0,18542.0,14092.0,34690.0,24490.0,509.0,4704.0,32479.0,20898.0,6275.0,4834.0,4834.0,2008,2.4616803860346295,2.4255606017598637,0.468563630850096,0.22986210175939134,0.35656885987869086,0.14883463160811602,41.05697445972495,6.9045493197278915
001690,2008-09-30,2008,INDL,C,D,STD,3663,39572.0,18542.0,14092.0,34690.0,24490.0,509.0,4704.0,32479.0,20898.0,6275.0,4834.0,4834.0,2008,2.4616803860346295,2.4255606017598637,0.468563630850096,0.22986210175939134,0.35656885987869086,0.14883463160811602,41.05697445972495,6.9045493197278915
001690,2009-09-30,2009,INDL,C,D,STD,3663,47501.0,15861.0,11506.0,31555.0,23464.0,455.0,5057.0,42905.0,24999.0,11740.0,8235.0,8235.0,2009,2.7424821832087605,2.702937597775074,0.3339087598155828,0.2602718078381795,0.41734063628947676,0.1919356718331197,54.94285714285714,8.484279216927032
001690,2009-09-30,2009,INDL,C,D,STD,3663,47501.0,15861.0,11506.0,31555.0,23464.0,455.0,5057.0,42905.0,24999.0,11740.0,8235.0,8235.0,2009,2.7424821832087605,2.702937597775074,0.3339087598155828,0.2602718078381795,0.41734063628947676,0.1919356718331197,54.94285714285714,8.484279216927032
001690,2010-09-30,2010,INDL,C,D,STD,3663,75183.0,27392.0,20722.0,41678.0,25620.0,1051.0,9924.0,65225.0,38609.0,18385.0,14013.0,14013.0,2010,2.0112923462986196,1.9605733037351607,0.36433768272082784,0.2932142035111213,0.4080643924875431,0.21484093522422384,36.73549000951475,6.572450624748085
001690,2010-09-30,2010,INDL,C,D,STD,3663,75183.0,27392.0,20722.0,41678.0,25620.0,1051.0,9924.0,65225.0,38609.0,18385.0,14013.0,14013.0,2010,2.0112923462986196,1.9605733037351607,0.36433768272082784,0.2932142035111213,0.4080643924875431,0.21484093522422384,36.73549000951475,6.572450624748085
001690,2011-09-30,2011,INDL,C,D,STD,3663,116371.0,39756.0,27970.0,44988.0,25952.0,776.0,11717.0,108249.0,62609.0,33790.0,25922.0,25922.0,2011,1.6084376117268502,1.5806936002860208,0.34163150613125265,0.3383410559289956,0.42162052305333075,0.2394664153941376,80.68170103092784,9.238627635060169
001690,2011-09-30,2011,INDL,C,D,STD,3663,116371.0,39756.0,27970.0,44988.0,25952.0,776.0,11717.0,108249.0,62609.0,33790.0,25922.0,25922.0,2011,1.6084376117268502,1.5806936002860208,0.34163150613125265,0.3383410559289956,0.42162052305333075,0.2394664153941376,80.68170103092784,9.238627635060169
001690,2012-09-30,2012,INDL,C,D,STD,3663,176064.0,57854.0,38542.0,57653.0,29129.0,791.0,18692.0,156508.0,84641.0,55241.0,41733.0,41733.0,2012,1.4958486845519174,1.4753256188054589,0.32859641948382406,0.35304119786820065,0.4591905845068623,0.26665090602397323,107.00505689001264,8.372993794136528
001690,2012-09-30,2012,INDL,C,D,STD,3663,176064.0,57854.0,38542.0,57653.0,29129.0,791.0,18692.0,156508.0,84641.0,55241.0,41733.0,41733.0,2012,1.4958486845519174,1.4753256188054589,0.32859641948382406,0.35304119786820065,0.4591905845068623,0.26665090602397323,107.00505689001264,8.372993794136528
001690,2013-09-30,2013,INDL,C,D,STD,3663,207000.0,83451.0,43658.0,73286.0,40546.0,1764.0,20641.0,170910.0,99849.0,48999.0,37037.0,37037.0,2013,1.6786385084062485,1.6382335425351597,0.4031449275362319,0.29977579745687943,0.41578023521151486,0.21670469837926393,56.60374149659864,8.280122087108182
001690,2013-09-30,2013,INDL,C,D,STD,3663,207000.0,83451.0,43658.0,73286.0,40546.0,1764.0,20641.0,170910.0,99849.0,48999.0,37037.0,37037.0,2013,1.6786385084062485,1.6382335425351597,0.4031449275362319,0.29977579745687943,0.41578023521151486,0.21670469837926393,56.60374149659864,8.280122087108182
001690,2014-09-30,2014,INDL,C,D,STD,3663,231839.0,120292.0,63448.0,68531.0,25077.0,2111.0,27219.0,182795.0,104312.0,52503.0,39510.0,39510.0,2014,1.0801128483167317,1.0468415080065565,0.5188600709975457,0.3542004715501089,0.4293498181022457,0.21614376760852322,49.41354808147797,6.715713288511702
001690,2014-09-30,2014,INDL,C,D,STD,3663,231839.0,120292.0,63448.0,68531.0,25077.0,2111.0,27219.0,182795.0,104312.0,52503.0,39510.0,39510.0,2014,1.0801128483167317,1.0468415080065565,0.5188600709975457,0.3542004715501089,0.4293498181022457,0.21614376760852322,49.41354808147797,6.715713288511702
001690,2015-09-30,2015,INDL,C,D,STD,3663,290479.0,171124.0,80610.0,89378.0,41601.0,2349.0,30343.0,233715.0,129589.0,71230.0,53394.0,53394.0,2015,1.1087706239920605,1.079630318819005,0.5891097118896719,0.44735453060198566,0.4455255332349229,0.22845773698735639,55.16773094934015,7.702435487591866
001690,2015-09-30,2015,INDL,C,D,STD,3663,290479.0,171124.0,80610.0,89378.0,41601.0,2349.0,30343.0,233715.0,129589.0,71230.0,53394.0,53394.0,2015,1.1087706239920605,1.079630318819005,0.5891097118896719,0.44735453060198566,0.4455255332349229,0.22845773698735639,55.16773094934015,7.702435487591866
001690,2016-09-30,2016,INDL,C,D,STD,3663,321686.0,193437.0,79006.0,106869.0,67155.0,2132.0,29299.0,215091.0,121576.0,59476.0,45687.0,45687.0,2016,1.352669417512594,1.3256841252563096,0.6013224075651412,0.3562366958026963,0.4347694696663273,0.21240777159434843,57.02439024390244,7.3412403153691255
001690,2016-09-30,2016,INDL,C,D,STD,3663,321686.0,193437.0,79006.0,106869.0,67155.0,2132.0,29299.0,215091.0,121576.0,59476.0,45687.0,45687.0,2016,1.352669417512594,1.3256841252563096,0.6013224075651412,0.3562366958026963,0.4347694696663273,0.21240777159434843,57.02439024390244,7.3412403153691255
001690,2017-09-30,2017,INDL,C,D,STD,3663,375319.0,241272.0,100814.0,128645.0,74181.0,4855.0,35673.0,229234.0,131648.0,61344.0,48351.0,48351.0,2017,1.2760628484139107,1.2279048544844962,0.6428451530564666,0.3607018433832909,0.42570473838959316,0.21092420845075338,27.115962924819772,6.425980433380988
001690,2017-09-30,2017,INDL,C,D,STD,3663,375319.0,241272.0,100814.0,128645.0,74181.0,4855.0,35673.0,229234.0,131648.0,61344.0,48351.0,48351.0,2017,1.2760628484139107,1.2279048544844962,0.6428451530564666,0.3607018433832909,0.42570473838959316,0.21092420845075338,27.115962924819772,6.425980433380988
001690,2018-09-30,2018,INDL,C,D,STD,3663,365725.0,258578.0,116866.0,131339.0,66301.0,3956.0,48995.0,265359.0,154456.0,70662.0,59531.0,59531.0,2018,1.1238426916297297,1.0899919565998666,0.7070285050242668,0.5556011834209077,0.4179357021996616,0.22434136396353618,39.04347826086956,5.4160424533115625
001690,2018-09-30,2018,INDL,C,D,STD,3663,365725.0,258578.0,116866.0,131339.0,66301.0,3956.0,48995.0,265359.0,154456.0,70662.0,59531.0,59531.0,2018,1.1238426916297297,1.0899919565998666,0.7070285050242668,0.5556011834209077,0.4179357021996616,0.22434136396353618,39.04347826086956,5.4160424533115625
001690,2019-09-30,2019,INDL,C,D,STD,3663,338516.0,248028.0,105718.0,162819.0,100580.0,4106.0,45804.0,260174.0,150482.0,63930.0,55256.0,55256.0,2019,1.540125617208044,1.501286441287198,0.7326921031797611,0.6106445053487756,0.4216101532051627,0.21238094505984456,36.64929371651242,5.68015893808401
001690,2019-09-30,2019,INDL,C,D,STD,3663,338516.0,248028.0,105718.0,162819.0,100580.0,4106.0,45804.0,260174.0,150482.0,63930.0,55256.0,55256.0,2019,1.540125617208044,1.501286441287198,0.7326921031797611,0.6106445053487756,0.4216101532051627,0.21238094505984456,36.64929371651242,5.68015893808401
001690,2020-09-30,2020,INDL,C,D,STD,3663,323888.0,258549.0,105392.0,143713.0,90979.0,4061.0,37445.0,274515.0,159859.0,66288.0,57411.0,57411.0,2020,1.3636044481554577,1.325072111735236,0.7982666847799239,0.8786635853012749,0.41766752272189134,0.20913611278072236,39.36444225560207,7.331152356789959
001690,2020-09-30,2020,INDL,C,D,STD,3663,323888.0,258549.0,105392.0,143713.0,90979.0,4061.0,37445.0,274515.0,159859.0,66288.0,57411.0,57411.0,2020,1.3636044481554577,1.325072111735236,0.7982666847799239,0.8786635853012749,0.41766752272189134,0.20913611278072236,39.36444225560207,7.331152356789959
001690,2021-09-30,2021,INDL,C,D,STD,3663,351002.0,287912.0,125481.0,134836.0,62639.0,6580.0,51506.0,365817.0,203481.0,108949.0,94680.0,94680.0,2021,1.0745531195957954,1.0221149018576519,0.8202574344305731,1.5007132667617689,0.4437628650390769,0.2588179335569424,30.924164133738604,7.102415252591931
001690,2021-09-30,2021,INDL,C,D,STD,3663,351002.0,287912.0,125481.0,134836.0,62639.0,6580.0,51506.0,365817.0,203481.0,108949.0,94680.0,94680.0,2021,1.0745531195957954,1.0221149018576519,0.8202574344305731,1.5007132667617689,0.4437628650390769,0.2588179335569424,30.924164133738604,7.102415252591931
001690,2022-09-30,2022,INDL,C,D,STD,3663,352755.0,302083.0,153982.0,135405.0,48304.0,4946.0,60932.0,394328.0,214846.0,119437.0,99803.0,99803.0,2022,0.8793560286267226,0.8472353911496149,0.8563535598361469,1.9695887275023682,0.4551591568440486,0.2530964070519973,43.438334007278605,6.471607693822622
001690,2022-09-30,2022,INDL,C,D,STD,3663,352755.0,302083.0,153982.0,135405.0,48304.0,4946.0,60932.0,394328.0,214846.0,119437.0,99803.0,99803.0,2022,0.8793560286267226,0.8472353911496149,0.8563535598361469,1.9695887275023682,0.4551591568440486,0.2530964070519973,43.438334007278605,6.471607693822622
001690,2023-09-30,2023,INDL,C,D,STD,3663,352583.0,290437.0,145308.0,143566.0,61555.0,6331.0,60985.0,383285.0,205637.0,114301.0,96995.0,96995.0,2023,0.9880116717592975,0.9444421504665951,0.8237407929480435,1.5607601454639075,0.46348800500932724,0.2530623426432028,32.48096667193177,6.284906124456834
001690,2023-09-30,2023,INDL,C,D,STD,3663,352583.0,290437.0,145308.0,143566.0,61555.0,6331.0,60985.0,383285.0,205637.0,114301.0,96995.0,96995.0,2023,0.9880116717592975,0.9444421504665951,0.8237407929480435,1.5607601454639075,0.46348800500932724,0.2530623426432028,32.48096667193177,6.284906124456834
001690,2024-09-30,2024,INDL,C,D,STD,3663,364980.0,308030.0,176392.0,152987.0,65171.0,7286.0,66243.0,391035.0,202152.0,123216.0,93736.0,93736.0,2024,0.8673125765340832,0.8260068483831466,0.8439640528248123,1.6459350307287095,0.4830334880509417,0.23971255769943867,27.74526489157288,5.903038811648023
001690,2024-09-30,2024,INDL,C,D,STD,3663,364980.0,308030.0,176392.0,152987.0,65171.0,7286.0,66243.0,391035.0,202152.0,123216.0,93736.0,93736.0,2024,0.8673125765340832,0.8260068483831466,0.8439640528248123,1.6459350307287095,0.4830334880509417,0.23971255769943867,27.74526489157288,5.903038811648023
001690,2025-09-30,2025,INDL,C,D,STD,3663,359241.0,285508.0,165631.0,147957.0,54697.0,5718.0,72957.0,416161.0,212960.0,133050.0,112010.0,112010.0,2025,0.8932929222186667,0.858770399261008,0.7947533828265705,1.5191298333175105,0.4882749705042039,0.2691506412181824,37.24379153550193,5.704195622078759
001690,2025-09-30,2025,INDL,C,D,STD,3663,359241.0,285508.0,165631.0,147957.0,54697.0,5718.0,72957.0,416161.0,212960.0,133050.0,112010.0,112010.0,2025,0.8932929222186667,0.858770399261008,0.7947533828265705,1.5191298333175105,0.4882749705042039,0.2691506412181824,37.24379153550193,5.704195622078759
